{
    "training": [
        {
            "image": "val/pancreas_vectra_3.tif",
            "label": "val/pancreas_vectra_3_masks.tif",
            "fold": 0
        },
        {
            "image": "val/pancreas_vectra_6.tif",
            "label": "val/pancreas_vectra_6_masks.tif",
            "fold": 0
        },
        {
            "image": "val/pancreas_vectra_10.tif",
            "label": "val/pancreas_vectra_10_masks.tif",
            "fold": 0
        },
        {
            "image": "val/pancreas_vectra_16.tif",
            "label": "val/pancreas_vectra_16_masks.tif",
            "fold": 0
        },
        {
            "image": "val/pancreas_vectra_2.tif",
            "label": "val/pancreas_vectra_2_masks.tif",
            "fold": 0
        },
        {
            "image": "val/pancreas_vectra_4.tif",
            "label": "val/pancreas_vectra_4_masks.tif",
            "fold": 0
        },
        {
            "image": "val/pancreas_vectra_14.tif",
            "label": "val/pancreas_vectra_14_masks.tif",
            "fold": 0
        },
        {
            "image": "val/pancreas_vectra_17.tif",
            "label": "val/pancreas_vectra_17_masks.tif",
            "fold": 0
        },
        {
            "image": "val/pancreas_vectra_0.tif",
            "label": "val/pancreas_vectra_0_masks.tif",
            "fold": 0
        },
        {
            "image": "val/pancreas_vectra_1.tif",
            "label": "val/pancreas_vectra_1_masks.tif",
            "fold": 0
        },
        {
            "image": "val/pancreas_vectra_7.tif",
            "label": "val/pancreas_vectra_7_masks.tif",
            "fold": 0
        },
        {
            "image": "val/pancreas_vectra_13.tif",
            "label": "val/pancreas_vectra_13_masks.tif",
            "fold": 0
        },
        {
            "image": "val/pancreas_vectra_9.tif",
            "label": "val/pancreas_vectra_9_masks.tif",
            "fold": 0
        },
        {
            "image": "val/pancreas_vectra_15.tif",
            "label": "val/pancreas_vectra_15_masks.tif",
            "fold": 0
        },
        {
            "image": "val/pancreas_vectra_18.tif",
            "label": "val/pancreas_vectra_18_masks.tif",
            "fold": 0
        },
        {
            "image": "val/pancreas_vectra_19.tif",
            "label": "val/pancreas_vectra_19_masks.tif",
            "fold": 0
        },
        {
            "image": "val/pancreas_vectra_5.tif",
            "label": "val/pancreas_vectra_5_masks.tif",
            "fold": 0
        },
        {
            "image": "val/pancreas_vectra_8.tif",
            "label": "val/pancreas_vectra_8_masks.tif",
            "fold": 0
        },
        {
            "image": "val/pancreas_vectra_11.tif",
            "label": "val/pancreas_vectra_11_masks.tif",
            "fold": 0
        },
        {
            "image": "val/pancreas_vectra_12.tif",
            "label": "val/pancreas_vectra_12_masks.tif",
            "fold": 0
        },
        {
            "image": "train/pancreas_vectra_0_2.tif",
            "label": "train/pancreas_vectra_0_2_masks.tif",
            "fold": 3
        },
        {
            "image": "train/pancreas_vectra_2_2.tif",
            "label": "train/pancreas_vectra_2_2_masks.tif",
            "fold": 4
        },
        {
            "image": "train/pancreas_vectra_4_3.tif",
            "label": "train/pancreas_vectra_4_3_masks.tif",
            "fold": 1
        },
        {
            "image": "train/pancreas_vectra_6_2.tif",
            "label": "train/pancreas_vectra_6_2_masks.tif",
            "fold": 2
        },
        {
            "image": "train/pancreas_vectra_6_3.tif",
            "label": "train/pancreas_vectra_6_3_masks.tif",
            "fold": 3
        },
        {
            "image": "train/pancreas_vectra_8_1.tif",
            "label": "train/pancreas_vectra_8_1_masks.tif",
            "fold": 4
        },
        {
            "image": "train/pancreas_vectra_8_2.tif",
            "label": "train/pancreas_vectra_8_2_masks.tif",
            "fold": 4
        },
        {
            "image": "train/pancreas_vectra_9_3.tif",
            "label": "train/pancreas_vectra_9_3_masks.tif",
            "fold": 3
        },
        {
            "image": "train/pancreas_vectra_10_0.tif",
            "label": "train/pancreas_vectra_10_0_masks.tif",
            "fold": 2
        },
        {
            "image": "train/pancreas_vectra_11_0.tif",
            "label": "train/pancreas_vectra_11_0_masks.tif",
            "fold": 4
        },
        {
            "image": "train/pancreas_vectra_11_3.tif",
            "label": "train/pancreas_vectra_11_3_masks.tif",
            "fold": 1
        },
        {
            "image": "train/pancreas_vectra_12_3.tif",
            "label": "train/pancreas_vectra_12_3_masks.tif",
            "fold": 4
        },
        {
            "image": "train/pancreas_vectra_13_3.tif",
            "label": "train/pancreas_vectra_13_3_masks.tif",
            "fold": 4
        },
        {
            "image": "train/pancreas_vectra_14_0.tif",
            "label": "train/pancreas_vectra_14_0_masks.tif",
            "fold": 3
        },
        {
            "image": "train/pancreas_vectra_15_1.tif",
            "label": "train/pancreas_vectra_15_1_masks.tif",
            "fold": 3
        },
        {
            "image": "train/pancreas_vectra_17_3.tif",
            "label": "train/pancreas_vectra_17_3_masks.tif",
            "fold": 1
        },
        {
            "image": "train/pancreas_vectra_3_3.tif",
            "label": "train/pancreas_vectra_3_3_masks.tif",
            "fold": 4
        },
        {
            "image": "train/pancreas_vectra_5_1.tif",
            "label": "train/pancreas_vectra_5_1_masks.tif",
            "fold": 3
        },
        {
            "image": "train/pancreas_vectra_7_3.tif",
            "label": "train/pancreas_vectra_7_3_masks.tif",
            "fold": 4
        },
        {
            "image": "train/pancreas_vectra_8_3.tif",
            "label": "train/pancreas_vectra_8_3_masks.tif",
            "fold": 1
        },
        {
            "image": "train/pancreas_vectra_9_0.tif",
            "label": "train/pancreas_vectra_9_0_masks.tif",
            "fold": 4
        },
        {
            "image": "train/pancreas_vectra_9_2.tif",
            "label": "train/pancreas_vectra_9_2_masks.tif",
            "fold": 2
        },
        {
            "image": "train/pancreas_vectra_10_3.tif",
            "label": "train/pancreas_vectra_10_3_masks.tif",
            "fold": 3
        },
        {
            "image": "train/pancreas_vectra_13_1.tif",
            "label": "train/pancreas_vectra_13_1_masks.tif",
            "fold": 3
        },
        {
            "image": "train/pancreas_vectra_14_1.tif",
            "label": "train/pancreas_vectra_14_1_masks.tif",
            "fold": 2
        },
        {
            "image": "train/pancreas_vectra_14_3.tif",
            "label": "train/pancreas_vectra_14_3_masks.tif",
            "fold": 4
        },
        {
            "image": "train/pancreas_vectra_15_0.tif",
            "label": "train/pancreas_vectra_15_0_masks.tif",
            "fold": 1
        },
        {
            "image": "train/pancreas_vectra_16_2.tif",
            "label": "train/pancreas_vectra_16_2_masks.tif",
            "fold": 1
        },
        {
            "image": "train/pancreas_vectra_16_3.tif",
            "label": "train/pancreas_vectra_16_3_masks.tif",
            "fold": 4
        },
        {
            "image": "train/pancreas_vectra_17_1.tif",
            "label": "train/pancreas_vectra_17_1_masks.tif",
            "fold": 3
        },
        {
            "image": "train/pancreas_vectra_18_2.tif",
            "label": "train/pancreas_vectra_18_2_masks.tif",
            "fold": 3
        },
        {
            "image": "train/pancreas_vectra_0_0.tif",
            "label": "train/pancreas_vectra_0_0_masks.tif",
            "fold": 2
        },
        {
            "image": "train/pancreas_vectra_0_3.tif",
            "label": "train/pancreas_vectra_0_3_masks.tif",
            "fold": 3
        },
        {
            "image": "train/pancreas_vectra_1_3.tif",
            "label": "train/pancreas_vectra_1_3_masks.tif",
            "fold": 1
        },
        {
            "image": "train/pancreas_vectra_2_0.tif",
            "label": "train/pancreas_vectra_2_0_masks.tif",
            "fold": 1
        },
        {
            "image": "train/pancreas_vectra_3_1.tif",
            "label": "train/pancreas_vectra_3_1_masks.tif",
            "fold": 1
        },
        {
            "image": "train/pancreas_vectra_4_1.tif",
            "label": "train/pancreas_vectra_4_1_masks.tif",
            "fold": 2
        },
        {
            "image": "train/pancreas_vectra_6_0.tif",
            "label": "train/pancreas_vectra_6_0_masks.tif",
            "fold": 4
        },
        {
            "image": "train/pancreas_vectra_11_1.tif",
            "label": "train/pancreas_vectra_11_1_masks.tif",
            "fold": 2
        },
        {
            "image": "train/pancreas_vectra_11_2.tif",
            "label": "train/pancreas_vectra_11_2_masks.tif",
            "fold": 1
        },
        {
            "image": "train/pancreas_vectra_12_0.tif",
            "label": "train/pancreas_vectra_12_0_masks.tif",
            "fold": 1
        },
        {
            "image": "train/pancreas_vectra_13_2.tif",
            "label": "train/pancreas_vectra_13_2_masks.tif",
            "fold": 3
        },
        {
            "image": "train/pancreas_vectra_14_2.tif",
            "label": "train/pancreas_vectra_14_2_masks.tif",
            "fold": 4
        },
        {
            "image": "train/pancreas_vectra_15_3.tif",
            "label": "train/pancreas_vectra_15_3_masks.tif",
            "fold": 1
        },
        {
            "image": "train/pancreas_vectra_17_0.tif",
            "label": "train/pancreas_vectra_17_0_masks.tif",
            "fold": 1
        },
        {
            "image": "train/pancreas_vectra_18_1.tif",
            "label": "train/pancreas_vectra_18_1_masks.tif",
            "fold": 2
        },
        {
            "image": "train/pancreas_vectra_1_0.tif",
            "label": "train/pancreas_vectra_1_0_masks.tif",
            "fold": 3
        },
        {
            "image": "train/pancreas_vectra_2_3.tif",
            "label": "train/pancreas_vectra_2_3_masks.tif",
            "fold": 1
        },
        {
            "image": "train/pancreas_vectra_3_2.tif",
            "label": "train/pancreas_vectra_3_2_masks.tif",
            "fold": 2
        },
        {
            "image": "train/pancreas_vectra_5_2.tif",
            "label": "train/pancreas_vectra_5_2_masks.tif",
            "fold": 3
        },
        {
            "image": "train/pancreas_vectra_5_3.tif",
            "label": "train/pancreas_vectra_5_3_masks.tif",
            "fold": 4
        },
        {
            "image": "train/pancreas_vectra_7_0.tif",
            "label": "train/pancreas_vectra_7_0_masks.tif",
            "fold": 1
        },
        {
            "image": "train/pancreas_vectra_7_1.tif",
            "label": "train/pancreas_vectra_7_1_masks.tif",
            "fold": 3
        },
        {
            "image": "train/pancreas_vectra_7_2.tif",
            "label": "train/pancreas_vectra_7_2_masks.tif",
            "fold": 2
        },
        {
            "image": "train/pancreas_vectra_8_0.tif",
            "label": "train/pancreas_vectra_8_0_masks.tif",
            "fold": 3
        },
        {
            "image": "train/pancreas_vectra_10_1.tif",
            "label": "train/pancreas_vectra_10_1_masks.tif",
            "fold": 1
        },
        {
            "image": "train/pancreas_vectra_10_2.tif",
            "label": "train/pancreas_vectra_10_2_masks.tif",
            "fold": 1
        },
        {
            "image": "train/pancreas_vectra_12_1.tif",
            "label": "train/pancreas_vectra_12_1_masks.tif",
            "fold": 2
        },
        {
            "image": "train/pancreas_vectra_13_0.tif",
            "label": "train/pancreas_vectra_13_0_masks.tif",
            "fold": 2
        },
        {
            "image": "train/pancreas_vectra_16_1.tif",
            "label": "train/pancreas_vectra_16_1_masks.tif",
            "fold": 2
        },
        {
            "image": "train/pancreas_vectra_17_2.tif",
            "label": "train/pancreas_vectra_17_2_masks.tif",
            "fold": 2
        },
        {
            "image": "train/pancreas_vectra_0_1.tif",
            "label": "train/pancreas_vectra_0_1_masks.tif",
            "fold": 1
        },
        {
            "image": "train/pancreas_vectra_1_1.tif",
            "label": "train/pancreas_vectra_1_1_masks.tif",
            "fold": 4
        },
        {
            "image": "train/pancreas_vectra_1_2.tif",
            "label": "train/pancreas_vectra_1_2_masks.tif",
            "fold": 2
        },
        {
            "image": "train/pancreas_vectra_2_1.tif",
            "label": "train/pancreas_vectra_2_1_masks.tif",
            "fold": 4
        },
        {
            "image": "train/pancreas_vectra_3_0.tif",
            "label": "train/pancreas_vectra_3_0_masks.tif",
            "fold": 3
        },
        {
            "image": "train/pancreas_vectra_4_0.tif",
            "label": "train/pancreas_vectra_4_0_masks.tif",
            "fold": 2
        },
        {
            "image": "train/pancreas_vectra_4_2.tif",
            "label": "train/pancreas_vectra_4_2_masks.tif",
            "fold": 2
        },
        {
            "image": "train/pancreas_vectra_5_0.tif",
            "label": "train/pancreas_vectra_5_0_masks.tif",
            "fold": 3
        },
        {
            "image": "train/pancreas_vectra_6_1.tif",
            "label": "train/pancreas_vectra_6_1_masks.tif",
            "fold": 2
        },
        {
            "image": "train/pancreas_vectra_9_1.tif",
            "label": "train/pancreas_vectra_9_1_masks.tif",
            "fold": 4
        },
        {
            "image": "train/pancreas_vectra_12_2.tif",
            "label": "train/pancreas_vectra_12_2_masks.tif",
            "fold": 1
        },
        {
            "image": "train/pancreas_vectra_15_2.tif",
            "label": "train/pancreas_vectra_15_2_masks.tif",
            "fold": 4
        },
        {
            "image": "train/pancreas_vectra_16_0.tif",
            "label": "train/pancreas_vectra_16_0_masks.tif",
            "fold": 3
        },
        {
            "image": "train/pancreas_vectra_18_0.tif",
            "label": "train/pancreas_vectra_18_0_masks.tif",
            "fold": 2
        },
        {
            "image": "train/pancreas_vectra_18_3.tif",
            "label": "train/pancreas_vectra_18_3_masks.tif",
            "fold": 4
        }
    ],
    "testing": [
        {
            "image": "test/pancreas_vectra_2.tif",
            "label": "test/pancreas_vectra_2_masks.tif"
        },
        {
            "image": "test/pancreas_vectra_3.tif",
            "label": "test/pancreas_vectra_3_masks.tif"
        },
        {
            "image": "test/pancreas_vectra_4.tif",
            "label": "test/pancreas_vectra_4_masks.tif"
        },
        {
            "image": "test/pancreas_vectra_1.tif",
            "label": "test/pancreas_vectra_1_masks.tif"
        },
        {
            "image": "test/pancreas_vectra_6.tif",
            "label": "test/pancreas_vectra_6_masks.tif"
        },
        {
            "image": "test/pancreas_vectra_10.tif",
            "label": "test/pancreas_vectra_10_masks.tif"
        },
        {
            "image": "test/pancreas_vectra_0.tif",
            "label": "test/pancreas_vectra_0_masks.tif"
        },
        {
            "image": "test/pancreas_vectra_7.tif",
            "label": "test/pancreas_vectra_7_masks.tif"
        },
        {
            "image": "test/pancreas_vectra_9.tif",
            "label": "test/pancreas_vectra_9_masks.tif"
        },
        {
            "image": "test/pancreas_vectra_11.tif",
            "label": "test/pancreas_vectra_11_masks.tif"
        },
        {
            "image": "test/pancreas_vectra_5.tif",
            "label": "test/pancreas_vectra_5_masks.tif"
        },
        {
            "image": "test/pancreas_vectra_8.tif",
            "label": "test/pancreas_vectra_8_masks.tif"
        }
    ]
}
