{
    "training": [
        {
            "image": "val/breast_imc_2.tif",
            "label": "val/breast_imc_2_masks.tif",
            "fold": 0
        },
        {
            "image": "val/breast_imc_3.tif",
            "label": "val/breast_imc_3_masks.tif",
            "fold": 0
        },
        {
            "image": "val/breast_imc_21.tif",
            "label": "val/breast_imc_21_masks.tif",
            "fold": 0
        },
        {
            "image": "val/breast_imc_22.tif",
            "label": "val/breast_imc_22_masks.tif",
            "fold": 0
        },
        {
            "image": "val/breast_imc_25.tif",
            "label": "val/breast_imc_25_masks.tif",
            "fold": 0
        },
        {
            "image": "val/breast_imc_27.tif",
            "label": "val/breast_imc_27_masks.tif",
            "fold": 0
        },
        {
            "image": "val/breast_imc_29.tif",
            "label": "val/breast_imc_29_masks.tif",
            "fold": 0
        },
        {
            "image": "val/breast_imc_35.tif",
            "label": "val/breast_imc_35_masks.tif",
            "fold": 0
        },
        {
            "image": "val/breast_imc_17.tif",
            "label": "val/breast_imc_17_masks.tif",
            "fold": 0
        },
        {
            "image": "val/breast_imc_19.tif",
            "label": "val/breast_imc_19_masks.tif",
            "fold": 0
        },
        {
            "image": "val/breast_imc_24.tif",
            "label": "val/breast_imc_24_masks.tif",
            "fold": 0
        },
        {
            "image": "val/breast_imc_26.tif",
            "label": "val/breast_imc_26_masks.tif",
            "fold": 0
        },
        {
            "image": "val/breast_imc_28.tif",
            "label": "val/breast_imc_28_masks.tif",
            "fold": 0
        },
        {
            "image": "val/breast_imc_30.tif",
            "label": "val/breast_imc_30_masks.tif",
            "fold": 0
        },
        {
            "image": "val/breast_imc_31.tif",
            "label": "val/breast_imc_31_masks.tif",
            "fold": 0
        },
        {
            "image": "val/breast_imc_34.tif",
            "label": "val/breast_imc_34_masks.tif",
            "fold": 0
        },
        {
            "image": "val/breast_imc_4.tif",
            "label": "val/breast_imc_4_masks.tif",
            "fold": 0
        },
        {
            "image": "val/breast_imc_10.tif",
            "label": "val/breast_imc_10_masks.tif",
            "fold": 0
        },
        {
            "image": "val/breast_imc_14.tif",
            "label": "val/breast_imc_14_masks.tif",
            "fold": 0
        },
        {
            "image": "val/breast_imc_18.tif",
            "label": "val/breast_imc_18_masks.tif",
            "fold": 0
        },
        {
            "image": "val/breast_imc_20.tif",
            "label": "val/breast_imc_20_masks.tif",
            "fold": 0
        },
        {
            "image": "val/breast_imc_23.tif",
            "label": "val/breast_imc_23_masks.tif",
            "fold": 0
        },
        {
            "image": "val/breast_imc_32.tif",
            "label": "val/breast_imc_32_masks.tif",
            "fold": 0
        },
        {
            "image": "val/breast_imc_33.tif",
            "label": "val/breast_imc_33_masks.tif",
            "fold": 0
        },
        {
            "image": "val/breast_imc_0.tif",
            "label": "val/breast_imc_0_masks.tif",
            "fold": 0
        },
        {
            "image": "val/breast_imc_1.tif",
            "label": "val/breast_imc_1_masks.tif",
            "fold": 0
        },
        {
            "image": "val/breast_imc_6.tif",
            "label": "val/breast_imc_6_masks.tif",
            "fold": 0
        },
        {
            "image": "val/breast_imc_7.tif",
            "label": "val/breast_imc_7_masks.tif",
            "fold": 0
        },
        {
            "image": "val/breast_imc_13.tif",
            "label": "val/breast_imc_13_masks.tif",
            "fold": 0
        },
        {
            "image": "val/breast_imc_16.tif",
            "label": "val/breast_imc_16_masks.tif",
            "fold": 0
        },
        {
            "image": "val/breast_imc_36.tif",
            "label": "val/breast_imc_36_masks.tif",
            "fold": 0
        },
        {
            "image": "val/breast_imc_5.tif",
            "label": "val/breast_imc_5_masks.tif",
            "fold": 0
        },
        {
            "image": "val/breast_imc_8.tif",
            "label": "val/breast_imc_8_masks.tif",
            "fold": 0
        },
        {
            "image": "val/breast_imc_9.tif",
            "label": "val/breast_imc_9_masks.tif",
            "fold": 0
        },
        {
            "image": "val/breast_imc_11.tif",
            "label": "val/breast_imc_11_masks.tif",
            "fold": 0
        },
        {
            "image": "val/breast_imc_12.tif",
            "label": "val/breast_imc_12_masks.tif",
            "fold": 0
        },
        {
            "image": "val/breast_imc_15.tif",
            "label": "val/breast_imc_15_masks.tif",
            "fold": 0
        },
        {
            "image": "val/breast_imc_37.tif",
            "label": "val/breast_imc_37_masks.tif",
            "fold": 0
        },
        {
            "image": "train/breast_imc_0_2.tif",
            "label": "train/breast_imc_0_2_masks.tif",
            "fold": 3
        },
        {
            "image": "train/breast_imc_1_0.tif",
            "label": "train/breast_imc_1_0_masks.tif",
            "fold": 4
        },
        {
            "image": "train/breast_imc_7_3.tif",
            "label": "train/breast_imc_7_3_masks.tif",
            "fold": 1
        },
        {
            "image": "train/breast_imc_8_1.tif",
            "label": "train/breast_imc_8_1_masks.tif",
            "fold": 3
        },
        {
            "image": "train/breast_imc_8_3.tif",
            "label": "train/breast_imc_8_3_masks.tif",
            "fold": 1
        },
        {
            "image": "train/breast_imc_11_2.tif",
            "label": "train/breast_imc_11_2_masks.tif",
            "fold": 4
        },
        {
            "image": "train/breast_imc_12_0.tif",
            "label": "train/breast_imc_12_0_masks.tif",
            "fold": 4
        },
        {
            "image": "train/breast_imc_12_3.tif",
            "label": "train/breast_imc_12_3_masks.tif",
            "fold": 3
        },
        {
            "image": "train/breast_imc_13_1.tif",
            "label": "train/breast_imc_13_1_masks.tif",
            "fold": 3
        },
        {
            "image": "train/breast_imc_13_3.tif",
            "label": "train/breast_imc_13_3_masks.tif",
            "fold": 4
        },
        {
            "image": "train/breast_imc_14_0.tif",
            "label": "train/breast_imc_14_0_masks.tif",
            "fold": 2
        },
        {
            "image": "train/breast_imc_14_3.tif",
            "label": "train/breast_imc_14_3_masks.tif",
            "fold": 4
        },
        {
            "image": "train/breast_imc_16_3.tif",
            "label": "train/breast_imc_16_3_masks.tif",
            "fold": 4
        },
        {
            "image": "train/breast_imc_23_0.tif",
            "label": "train/breast_imc_23_0_masks.tif",
            "fold": 3
        },
        {
            "image": "train/breast_imc_25_2.tif",
            "label": "train/breast_imc_25_2_masks.tif",
            "fold": 4
        },
        {
            "image": "train/breast_imc_25_3.tif",
            "label": "train/breast_imc_25_3_masks.tif",
            "fold": 3
        },
        {
            "image": "train/breast_imc_26_0.tif",
            "label": "train/breast_imc_26_0_masks.tif",
            "fold": 4
        },
        {
            "image": "train/breast_imc_26_2.tif",
            "label": "train/breast_imc_26_2_masks.tif",
            "fold": 1
        },
        {
            "image": "train/breast_imc_27_0.tif",
            "label": "train/breast_imc_27_0_masks.tif",
            "fold": 4
        },
        {
            "image": "train/breast_imc_27_2.tif",
            "label": "train/breast_imc_27_2_masks.tif",
            "fold": 2
        },
        {
            "image": "train/breast_imc_28_1.tif",
            "label": "train/breast_imc_28_1_masks.tif",
            "fold": 4
        },
        {
            "image": "train/breast_imc_29_0.tif",
            "label": "train/breast_imc_29_0_masks.tif",
            "fold": 3
        },
        {
            "image": "train/breast_imc_29_2.tif",
            "label": "train/breast_imc_29_2_masks.tif",
            "fold": 3
        },
        {
            "image": "train/breast_imc_30_1.tif",
            "label": "train/breast_imc_30_1_masks.tif",
            "fold": 2
        },
        {
            "image": "train/breast_imc_30_2.tif",
            "label": "train/breast_imc_30_2_masks.tif",
            "fold": 3
        },
        {
            "image": "train/breast_imc_31_1.tif",
            "label": "train/breast_imc_31_1_masks.tif",
            "fold": 4
        },
        {
            "image": "train/breast_imc_2_2.tif",
            "label": "train/breast_imc_2_2_masks.tif",
            "fold": 3
        },
        {
            "image": "train/breast_imc_4_1.tif",
            "label": "train/breast_imc_4_1_masks.tif",
            "fold": 2
        },
        {
            "image": "train/breast_imc_4_3.tif",
            "label": "train/breast_imc_4_3_masks.tif",
            "fold": 4
        },
        {
            "image": "train/breast_imc_6_3.tif",
            "label": "train/breast_imc_6_3_masks.tif",
            "fold": 4
        },
        {
            "image": "train/breast_imc_8_0.tif",
            "label": "train/breast_imc_8_0_masks.tif",
            "fold": 3
        },
        {
            "image": "train/breast_imc_9_0.tif",
            "label": "train/breast_imc_9_0_masks.tif",
            "fold": 1
        },
        {
            "image": "train/breast_imc_9_2.tif",
            "label": "train/breast_imc_9_2_masks.tif",
            "fold": 2
        },
        {
            "image": "train/breast_imc_10_2.tif",
            "label": "train/breast_imc_10_2_masks.tif",
            "fold": 1
        },
        {
            "image": "train/breast_imc_11_0.tif",
            "label": "train/breast_imc_11_0_masks.tif",
            "fold": 2
        },
        {
            "image": "train/breast_imc_11_1.tif",
            "label": "train/breast_imc_11_1_masks.tif",
            "fold": 1
        },
        {
            "image": "train/breast_imc_13_2.tif",
            "label": "train/breast_imc_13_2_masks.tif",
            "fold": 2
        },
        {
            "image": "train/breast_imc_14_2.tif",
            "label": "train/breast_imc_14_2_masks.tif",
            "fold": 4
        },
        {
            "image": "train/breast_imc_15_2.tif",
            "label": "train/breast_imc_15_2_masks.tif",
            "fold": 2
        },
        {
            "image": "train/breast_imc_16_2.tif",
            "label": "train/breast_imc_16_2_masks.tif",
            "fold": 2
        },
        {
            "image": "train/breast_imc_18_2.tif",
            "label": "train/breast_imc_18_2_masks.tif",
            "fold": 2
        },
        {
            "image": "train/breast_imc_19_1.tif",
            "label": "train/breast_imc_19_1_masks.tif",
            "fold": 3
        },
        {
            "image": "train/breast_imc_20_0.tif",
            "label": "train/breast_imc_20_0_masks.tif",
            "fold": 2
        },
        {
            "image": "train/breast_imc_20_3.tif",
            "label": "train/breast_imc_20_3_masks.tif",
            "fold": 3
        },
        {
            "image": "train/breast_imc_21_1.tif",
            "label": "train/breast_imc_21_1_masks.tif",
            "fold": 1
        },
        {
            "image": "train/breast_imc_22_0.tif",
            "label": "train/breast_imc_22_0_masks.tif",
            "fold": 2
        },
        {
            "image": "train/breast_imc_24_1.tif",
            "label": "train/breast_imc_24_1_masks.tif",
            "fold": 1
        },
        {
            "image": "train/breast_imc_24_3.tif",
            "label": "train/breast_imc_24_3_masks.tif",
            "fold": 3
        },
        {
            "image": "train/breast_imc_26_1.tif",
            "label": "train/breast_imc_26_1_masks.tif",
            "fold": 1
        },
        {
            "image": "train/breast_imc_30_0.tif",
            "label": "train/breast_imc_30_0_masks.tif",
            "fold": 3
        },
        {
            "image": "train/breast_imc_31_2.tif",
            "label": "train/breast_imc_31_2_masks.tif",
            "fold": 4
        },
        {
            "image": "train/breast_imc_31_3.tif",
            "label": "train/breast_imc_31_3_masks.tif",
            "fold": 1
        },
        {
            "image": "train/breast_imc_3_3.tif",
            "label": "train/breast_imc_3_3_masks.tif",
            "fold": 3
        },
        {
            "image": "train/breast_imc_5_1.tif",
            "label": "train/breast_imc_5_1_masks.tif",
            "fold": 1
        },
        {
            "image": "train/breast_imc_5_3.tif",
            "label": "train/breast_imc_5_3_masks.tif",
            "fold": 1
        },
        {
            "image": "train/breast_imc_6_0.tif",
            "label": "train/breast_imc_6_0_masks.tif",
            "fold": 1
        },
        {
            "image": "train/breast_imc_6_2.tif",
            "label": "train/breast_imc_6_2_masks.tif",
            "fold": 1
        },
        {
            "image": "train/breast_imc_8_2.tif",
            "label": "train/breast_imc_8_2_masks.tif",
            "fold": 3
        },
        {
            "image": "train/breast_imc_9_3.tif",
            "label": "train/breast_imc_9_3_masks.tif",
            "fold": 2
        },
        {
            "image": "train/breast_imc_10_0.tif",
            "label": "train/breast_imc_10_0_masks.tif",
            "fold": 1
        },
        {
            "image": "train/breast_imc_10_1.tif",
            "label": "train/breast_imc_10_1_masks.tif",
            "fold": 3
        },
        {
            "image": "train/breast_imc_10_3.tif",
            "label": "train/breast_imc_10_3_masks.tif",
            "fold": 3
        },
        {
            "image": "train/breast_imc_12_1.tif",
            "label": "train/breast_imc_12_1_masks.tif",
            "fold": 2
        },
        {
            "image": "train/breast_imc_13_0.tif",
            "label": "train/breast_imc_13_0_masks.tif",
            "fold": 3
        },
        {
            "image": "train/breast_imc_16_1.tif",
            "label": "train/breast_imc_16_1_masks.tif",
            "fold": 4
        },
        {
            "image": "train/breast_imc_17_1.tif",
            "label": "train/breast_imc_17_1_masks.tif",
            "fold": 2
        },
        {
            "image": "train/breast_imc_17_2.tif",
            "label": "train/breast_imc_17_2_masks.tif",
            "fold": 2
        },
        {
            "image": "train/breast_imc_18_1.tif",
            "label": "train/breast_imc_18_1_masks.tif",
            "fold": 1
        },
        {
            "image": "train/breast_imc_19_2.tif",
            "label": "train/breast_imc_19_2_masks.tif",
            "fold": 4
        },
        {
            "image": "train/breast_imc_20_2.tif",
            "label": "train/breast_imc_20_2_masks.tif",
            "fold": 2
        },
        {
            "image": "train/breast_imc_22_1.tif",
            "label": "train/breast_imc_22_1_masks.tif",
            "fold": 3
        },
        {
            "image": "train/breast_imc_22_2.tif",
            "label": "train/breast_imc_22_2_masks.tif",
            "fold": 4
        },
        {
            "image": "train/breast_imc_22_3.tif",
            "label": "train/breast_imc_22_3_masks.tif",
            "fold": 4
        },
        {
            "image": "train/breast_imc_23_1.tif",
            "label": "train/breast_imc_23_1_masks.tif",
            "fold": 2
        },
        {
            "image": "train/breast_imc_24_2.tif",
            "label": "train/breast_imc_24_2_masks.tif",
            "fold": 2
        },
        {
            "image": "train/breast_imc_28_0.tif",
            "label": "train/breast_imc_28_0_masks.tif",
            "fold": 4
        },
        {
            "image": "train/breast_imc_28_2.tif",
            "label": "train/breast_imc_28_2_masks.tif",
            "fold": 4
        },
        {
            "image": "train/breast_imc_29_3.tif",
            "label": "train/breast_imc_29_3_masks.tif",
            "fold": 2
        },
        {
            "image": "train/breast_imc_0_0.tif",
            "label": "train/breast_imc_0_0_masks.tif",
            "fold": 3
        },
        {
            "image": "train/breast_imc_0_3.tif",
            "label": "train/breast_imc_0_3_masks.tif",
            "fold": 4
        },
        {
            "image": "train/breast_imc_1_3.tif",
            "label": "train/breast_imc_1_3_masks.tif",
            "fold": 1
        },
        {
            "image": "train/breast_imc_2_0.tif",
            "label": "train/breast_imc_2_0_masks.tif",
            "fold": 3
        },
        {
            "image": "train/breast_imc_3_1.tif",
            "label": "train/breast_imc_3_1_masks.tif",
            "fold": 2
        },
        {
            "image": "train/breast_imc_5_2.tif",
            "label": "train/breast_imc_5_2_masks.tif",
            "fold": 1
        },
        {
            "image": "train/breast_imc_7_2.tif",
            "label": "train/breast_imc_7_2_masks.tif",
            "fold": 4
        },
        {
            "image": "train/breast_imc_11_3.tif",
            "label": "train/breast_imc_11_3_masks.tif",
            "fold": 2
        },
        {
            "image": "train/breast_imc_14_1.tif",
            "label": "train/breast_imc_14_1_masks.tif",
            "fold": 4
        },
        {
            "image": "train/breast_imc_15_0.tif",
            "label": "train/breast_imc_15_0_masks.tif",
            "fold": 4
        },
        {
            "image": "train/breast_imc_15_1.tif",
            "label": "train/breast_imc_15_1_masks.tif",
            "fold": 2
        },
        {
            "image": "train/breast_imc_15_3.tif",
            "label": "train/breast_imc_15_3_masks.tif",
            "fold": 3
        },
        {
            "image": "train/breast_imc_17_0.tif",
            "label": "train/breast_imc_17_0_masks.tif",
            "fold": 2
        },
        {
            "image": "train/breast_imc_20_1.tif",
            "label": "train/breast_imc_20_1_masks.tif",
            "fold": 2
        },
        {
            "image": "train/breast_imc_21_2.tif",
            "label": "train/breast_imc_21_2_masks.tif",
            "fold": 1
        },
        {
            "image": "train/breast_imc_21_3.tif",
            "label": "train/breast_imc_21_3_masks.tif",
            "fold": 2
        },
        {
            "image": "train/breast_imc_23_2.tif",
            "label": "train/breast_imc_23_2_masks.tif",
            "fold": 4
        },
        {
            "image": "train/breast_imc_23_3.tif",
            "label": "train/breast_imc_23_3_masks.tif",
            "fold": 3
        },
        {
            "image": "train/breast_imc_24_0.tif",
            "label": "train/breast_imc_24_0_masks.tif",
            "fold": 4
        },
        {
            "image": "train/breast_imc_25_0.tif",
            "label": "train/breast_imc_25_0_masks.tif",
            "fold": 2
        },
        {
            "image": "train/breast_imc_27_3.tif",
            "label": "train/breast_imc_27_3_masks.tif",
            "fold": 2
        },
        {
            "image": "train/breast_imc_28_3.tif",
            "label": "train/breast_imc_28_3_masks.tif",
            "fold": 1
        },
        {
            "image": "train/breast_imc_29_1.tif",
            "label": "train/breast_imc_29_1_masks.tif",
            "fold": 4
        },
        {
            "image": "train/breast_imc_30_3.tif",
            "label": "train/breast_imc_30_3_masks.tif",
            "fold": 4
        },
        {
            "image": "train/breast_imc_31_0.tif",
            "label": "train/breast_imc_31_0_masks.tif",
            "fold": 1
        },
        {
            "image": "train/breast_imc_0_1.tif",
            "label": "train/breast_imc_0_1_masks.tif",
            "fold": 1
        },
        {
            "image": "train/breast_imc_1_1.tif",
            "label": "train/breast_imc_1_1_masks.tif",
            "fold": 1
        },
        {
            "image": "train/breast_imc_1_2.tif",
            "label": "train/breast_imc_1_2_masks.tif",
            "fold": 2
        },
        {
            "image": "train/breast_imc_2_1.tif",
            "label": "train/breast_imc_2_1_masks.tif",
            "fold": 1
        },
        {
            "image": "train/breast_imc_2_3.tif",
            "label": "train/breast_imc_2_3_masks.tif",
            "fold": 4
        },
        {
            "image": "train/breast_imc_3_0.tif",
            "label": "train/breast_imc_3_0_masks.tif",
            "fold": 1
        },
        {
            "image": "train/breast_imc_3_2.tif",
            "label": "train/breast_imc_3_2_masks.tif",
            "fold": 4
        },
        {
            "image": "train/breast_imc_4_0.tif",
            "label": "train/breast_imc_4_0_masks.tif",
            "fold": 1
        },
        {
            "image": "train/breast_imc_4_2.tif",
            "label": "train/breast_imc_4_2_masks.tif",
            "fold": 4
        },
        {
            "image": "train/breast_imc_5_0.tif",
            "label": "train/breast_imc_5_0_masks.tif",
            "fold": 3
        },
        {
            "image": "train/breast_imc_6_1.tif",
            "label": "train/breast_imc_6_1_masks.tif",
            "fold": 1
        },
        {
            "image": "train/breast_imc_7_0.tif",
            "label": "train/breast_imc_7_0_masks.tif",
            "fold": 3
        },
        {
            "image": "train/breast_imc_7_1.tif",
            "label": "train/breast_imc_7_1_masks.tif",
            "fold": 3
        },
        {
            "image": "train/breast_imc_9_1.tif",
            "label": "train/breast_imc_9_1_masks.tif",
            "fold": 1
        },
        {
            "image": "train/breast_imc_12_2.tif",
            "label": "train/breast_imc_12_2_masks.tif",
            "fold": 3
        },
        {
            "image": "train/breast_imc_16_0.tif",
            "label": "train/breast_imc_16_0_masks.tif",
            "fold": 1
        },
        {
            "image": "train/breast_imc_17_3.tif",
            "label": "train/breast_imc_17_3_masks.tif",
            "fold": 3
        },
        {
            "image": "train/breast_imc_18_0.tif",
            "label": "train/breast_imc_18_0_masks.tif",
            "fold": 2
        },
        {
            "image": "train/breast_imc_18_3.tif",
            "label": "train/breast_imc_18_3_masks.tif",
            "fold": 1
        },
        {
            "image": "train/breast_imc_19_0.tif",
            "label": "train/breast_imc_19_0_masks.tif",
            "fold": 1
        },
        {
            "image": "train/breast_imc_19_3.tif",
            "label": "train/breast_imc_19_3_masks.tif",
            "fold": 3
        },
        {
            "image": "train/breast_imc_21_0.tif",
            "label": "train/breast_imc_21_0_masks.tif",
            "fold": 3
        },
        {
            "image": "train/breast_imc_25_1.tif",
            "label": "train/breast_imc_25_1_masks.tif",
            "fold": 1
        },
        {
            "image": "train/breast_imc_26_3.tif",
            "label": "train/breast_imc_26_3_masks.tif",
            "fold": 2
        },
        {
            "image": "train/breast_imc_27_1.tif",
            "label": "train/breast_imc_27_1_masks.tif",
            "fold": 2
        }
    ],
    "testing": [
        {
            "image": "test/breast_imc_2.tif",
            "label": "test/breast_imc_2_masks.tif"
        },
        {
            "image": "test/breast_imc_3.tif",
            "label": "test/breast_imc_3_masks.tif"
        },
        {
            "image": "test/breast_imc_7.tif",
            "label": "test/breast_imc_7_masks.tif"
        },
        {
            "image": "test/breast_imc_13.tif",
            "label": "test/breast_imc_13_masks.tif"
        },
        {
            "image": "test/breast_imc_4.tif",
            "label": "test/breast_imc_4_masks.tif"
        },
        {
            "image": "test/breast_imc_6.tif",
            "label": "test/breast_imc_6_masks.tif"
        },
        {
            "image": "test/breast_imc_10.tif",
            "label": "test/breast_imc_10_masks.tif"
        },
        {
            "image": "test/breast_imc_0.tif",
            "label": "test/breast_imc_0_masks.tif"
        },
        {
            "image": "test/breast_imc_1.tif",
            "label": "test/breast_imc_1_masks.tif"
        },
        {
            "image": "test/breast_imc_14.tif",
            "label": "test/breast_imc_14_masks.tif"
        },
        {
            "image": "test/breast_imc_8.tif",
            "label": "test/breast_imc_8_masks.tif"
        },
        {
            "image": "test/breast_imc_9.tif",
            "label": "test/breast_imc_9_masks.tif"
        },
        {
            "image": "test/breast_imc_15.tif",
            "label": "test/breast_imc_15_masks.tif"
        },
        {
            "image": "test/breast_imc_5.tif",
            "label": "test/breast_imc_5_masks.tif"
        },
        {
            "image": "test/breast_imc_11.tif",
            "label": "test/breast_imc_11_masks.tif"
        },
        {
            "image": "test/breast_imc_12.tif",
            "label": "test/breast_imc_12_masks.tif"
        }
    ]
}
